,SYKE_plankton_IFCB_Utö_2021,smhi_ifcb_svea_baltic_proper,smhi_ifcb_svea_skagerrak_kattegat,smhi_ifcb_tångesund
SYKE_plankton_IFCB_Utö_2021,0.0,0.2866732560738775,0.0999653992640215,0.20581829438636057
smhi_ifcb_svea_baltic_proper,0.2866732560738775,0.0,0.08675499366849615,0.08983870362117494
smhi_ifcb_svea_skagerrak_kattegat,0.0999653992640215,0.08675499366849615,0.0,0.04568015536981984
smhi_ifcb_tångesund,0.20581829438636057,0.08983870362117494,0.04568015536981984,0.0
