,SYKE_plankton_IFCB_Utö_2021,smhi_ifcb_svea_baltic_proper,smhi_ifcb_svea_skagerrak_kattegat,smhi_ifcb_tångesund
SYKE_plankton_IFCB_Utö_2021,0.0,0.4438052479847048,0.42087111266412974,0.4217215815054234
smhi_ifcb_svea_baltic_proper,0.4438052479847048,0.0,0.028557231091447574,0.2055289192583955
smhi_ifcb_svea_skagerrak_kattegat,0.42087111266412974,0.028557231091447574,0.0,0.24300148424533494
smhi_ifcb_tångesund,0.4217215815054234,0.2055289192583955,0.24300148424533494,0.0
